               epoch,      train/box_loss,      train/obj_loss,      train/cls_loss,   metrics/precision,      metrics/recall,     metrics/mAP_0.5,metrics/mAP_0.5:0.95,        val/box_loss,        val/obj_loss,        val/cls_loss,               x/lr0,               x/lr1,               x/lr2
                   0,             0.11191,             0.05003,            0.028135,           0.0027168,             0.12711,           0.0016541,          0.00047638,             0.10415,            0.034413,            0.026892,              0.0946,              0.0006,              0.0006
                   1,             0.11096,            0.052485,            0.027637,           0.0024044,             0.14437,           0.0017725,          0.00054647,             0.10269,            0.035168,            0.026624,            0.088296,           0.0012957,           0.0012957
                   2,             0.10888,            0.052547,            0.027151,           0.0025217,             0.15141,           0.0018461,          0.00059232,             0.10145,             0.03598,            0.026367,            0.081987,           0.0019868,           0.0019868
                   3,             0.10798,            0.060219,            0.027028,           0.0025943,             0.15493,           0.0019092,          0.00063502,             0.10066,            0.036315,            0.026202,            0.075673,           0.0026733,           0.0026733
                   4,             0.10848,            0.069347,             0.02644,           0.0086207,             0.22254,            0.005437,           0.0010874,            0.099577,            0.036986,            0.025952,            0.069355,           0.0033551,           0.0033551
                   5,             0.10591,            0.062746,            0.026376,           0.0029909,             0.17958,           0.0023798,          0.00070154,            0.098873,            0.037031,            0.025775,            0.063032,           0.0040324,           0.0040324
                   6,             0.10299,            0.062683,            0.026351,           0.0029909,             0.17958,           0.0023358,          0.00070332,            0.097992,            0.037495,            0.025531,            0.056705,            0.004705,            0.004705
                   7,             0.10383,            0.068988,            0.025624,           0.0027586,             0.16901,           0.0021288,          0.00064665,            0.097501,             0.03772,            0.025366,            0.050373,           0.0053729,           0.0053729
                   8,             0.10303,            0.062054,            0.025227,           0.0026437,             0.16197,           0.0019747,          0.00062806,            0.096973,            0.037978,            0.025146,            0.044036,           0.0060363,           0.0060363
                   9,             0.10166,            0.070063,            0.025584,           0.0024713,             0.15141,            0.001871,           0.0005451,            0.096671,             0.03821,            0.024994,            0.037695,           0.0066951,           0.0066951
                  10,             0.10129,            0.071046,            0.025096,            0.003478,             0.21268,           0.0024702,           0.0006833,            0.096446,            0.038301,            0.024823,            0.031349,           0.0073492,           0.0073492
                  11,            0.098057,            0.061657,            0.025083,            0.003566,              0.2162,           0.0025087,          0.00065978,            0.096202,            0.038294,            0.024597,            0.024999,           0.0079987,           0.0079987
                  12,             0.10037,            0.072676,             0.02446,            0.003566,              0.2162,           0.0024596,          0.00065922,            0.096135,            0.038391,            0.024506,            0.018644,           0.0086436,           0.0086436
                  13,             0.10081,            0.076494,            0.024333,           0.0034002,              0.1912,           0.0023279,          0.00061922,            0.096043,            0.038301,            0.024329,            0.012284,           0.0092839,           0.0092839
                  14,            0.099365,            0.065117,            0.024063,           0.0037318,              0.2412,           0.0026039,          0.00071013,            0.095874,             0.03843,            0.024133,            0.009538,            0.009538,            0.009538
                  15,            0.099975,            0.063973,            0.023651,            0.003566,              0.2162,           0.0025645,          0.00071702,            0.095673,            0.038584,            0.023895,            0.009538,            0.009538,            0.009538
                  16,            0.098794,            0.073239,            0.023622,           0.0035572,              0.2162,           0.0028366,          0.00075664,            0.095617,             0.03881,            0.023755,            0.009505,            0.009505,            0.009505
                  17,             0.10056,             0.07218,            0.022808,           0.0035603,              0.2162,           0.0027051,          0.00074349,            0.095609,             0.03921,             0.02348,            0.009472,            0.009472,            0.009472
                  18,            0.097648,            0.066524,            0.022861,           0.0035717,             0.19824,           0.0026851,          0.00068512,            0.095501,            0.039145,            0.023114,            0.009439,            0.009439,            0.009439
                  19,            0.099245,            0.067756,            0.022289,           0.0035577,              0.2162,           0.0025403,          0.00071647,            0.095137,            0.039339,            0.022717,            0.009406,            0.009406,            0.009406
                  20,            0.096081,             0.07087,            0.022402,           0.0034657,             0.21268,           0.0025805,          0.00070997,            0.094966,            0.039442,             0.02254,            0.009373,            0.009373,            0.009373
                  21,            0.096156,            0.063943,            0.022496,           0.0034598,             0.21268,           0.0027433,          0.00073937,             0.09473,            0.039571,            0.022076,             0.00934,             0.00934,             0.00934
                  22,            0.095232,            0.074299,            0.022311,            0.003717,              0.2412,           0.0031532,           0.0008303,            0.094252,            0.039571,            0.021698,            0.009307,            0.009307,            0.009307
                  23,            0.096998,            0.061591,            0.021071,           0.0035322,             0.20176,           0.0036752,          0.00085948,            0.093747,            0.039725,            0.021109,            0.009274,            0.009274,            0.009274
                  24,             0.09848,            0.064131,            0.020458,           0.0038097,             0.21937,           0.0039067,          0.00092586,            0.094151,            0.039397,            0.020929,            0.009241,            0.009241,            0.009241
                  25,             0.09379,            0.063914,            0.019214,           0.0036946,             0.21127,           0.0054128,           0.0013083,            0.093181,            0.039165,            0.019614,            0.009208,            0.009208,            0.009208
                  26,            0.095431,             0.05901,            0.019663,           0.0043654,             0.23275,           0.0054136,           0.0013302,            0.093793,            0.038346,            0.019104,            0.009175,            0.009175,            0.009175
                  27,            0.093173,            0.060668,            0.018854,           0.0084289,            0.035211,            0.005313,           0.0014609,            0.093511,            0.038804,            0.017575,            0.009142,            0.009142,            0.009142
                  28,            0.090758,            0.058872,            0.018662,           0.0079258,            0.049296,           0.0056821,           0.0017635,            0.093662,            0.040228,            0.016769,            0.009109,            0.009109,            0.009109
                  29,            0.091544,            0.060057,            0.018223,             0.53269,            0.056338,            0.015166,           0.0049119,            0.092959,            0.038043,            0.014526,            0.009076,            0.009076,            0.009076
                  30,            0.093302,            0.058354,            0.015011,             0.02942,            0.084507,            0.015549,           0.0043114,            0.093367,             0.03812,            0.013876,            0.009043,            0.009043,            0.009043
                  31,            0.091777,             0.05597,            0.015742,            0.026061,            0.059859,            0.022602,           0.0060486,            0.096853,            0.040976,             0.01398,             0.00901,             0.00901,             0.00901
                  32,            0.091339,            0.059802,            0.014684,            0.016433,            0.042254,           0.0056116,           0.0016054,             0.09911,            0.070735,            0.016843,            0.008977,            0.008977,            0.008977
                  33,            0.090513,            0.056677,            0.017862,           0.0099705,             0.34965,           0.0091187,           0.0027903,             0.09846,            0.046636,            0.016403,            0.008944,            0.008944,            0.008944
                  34,            0.093902,            0.060927,            0.017082,            0.009467,             0.11655,           0.0054183,            0.001913,             0.10437,             0.12758,            0.018661,            0.008911,            0.008911,            0.008911
                  35,            0.087743,            0.061736,             0.01648,           0.0098113,             0.15845,           0.0078054,           0.0025155,            0.096122,              0.1022,            0.015976,            0.008878,            0.008878,            0.008878
                  36,            0.088162,             0.06283,            0.015941,           0.0077853,             0.13028,           0.0067568,           0.0022104,            0.099367,            0.069329,            0.015439,            0.008845,            0.008845,            0.008845
                  37,            0.088342,            0.059154,            0.016591,             0.51996,             0.13732,            0.014802,           0.0044131,            0.097949,            0.046469,            0.014136,            0.008812,            0.008812,            0.008812
                  38,            0.090123,            0.056228,            0.016807,              0.5217,             0.15845,            0.016414,           0.0048953,             0.09257,             0.05298,            0.013336,            0.008779,            0.008779,            0.008779
                  39,            0.086284,            0.063537,            0.014514,             0.53034,             0.13732,            0.032468,            0.013761,            0.087595,            0.039042,            0.013058,            0.008746,            0.008746,            0.008746
                  40,            0.083834,            0.056823,             0.01546,             0.54439,             0.13028,            0.029414,            0.009739,            0.087707,             0.04037,            0.012558,            0.008713,            0.008713,            0.008713
                  41,            0.086547,            0.058989,            0.013548,             0.53061,             0.09507,             0.01597,           0.0045478,            0.090825,            0.033285,            0.012888,             0.00868,             0.00868,             0.00868
                  42,            0.085485,            0.053872,             0.01492,             0.56235,             0.09507,             0.05007,            0.018149,            0.085286,            0.040912,            0.012216,            0.008647,            0.008647,            0.008647
                  43,            0.084664,            0.059731,            0.014287,             0.57495,             0.14789,            0.056568,            0.016563,            0.086498,            0.040712,            0.012146,            0.008614,            0.008614,            0.008614
                  44,            0.082179,            0.058472,            0.015656,              0.5872,             0.17606,            0.081258,            0.024788,            0.083787,            0.043529,            0.012378,            0.008581,            0.008581,            0.008581
                  45,            0.084956,            0.052984,            0.012149,             0.55954,             0.10563,            0.033874,           0.0096313,            0.092141,            0.049267,            0.012881,            0.008548,            0.008548,            0.008548
                  46,            0.082175,            0.056225,            0.016326,             0.58934,             0.09507,             0.06441,            0.021706,            0.082358,            0.057119,            0.014151,            0.008515,            0.008515,            0.008515
                  47,            0.079464,            0.058947,            0.014828,             0.59595,              0.1271,            0.073042,            0.024136,            0.082748,            0.040937,            0.012213,            0.008482,            0.008482,            0.008482
                  48,            0.084824,            0.052733,            0.013751,             0.62709,             0.15141,            0.081741,            0.023732,            0.085591,            0.036438,            0.011908,            0.008449,            0.008449,            0.008449
                  49,            0.085973,            0.054571,            0.012961,             0.58656,             0.10915,            0.060059,            0.019762,            0.086327,            0.033459,            0.011758,            0.008416,            0.008416,            0.008416
                  50,            0.080763,            0.060853,            0.014261,              0.6461,             0.14085,             0.11788,            0.042108,            0.076578,            0.040357,            0.012424,            0.008383,            0.008383,            0.008383
                  51,            0.076277,            0.058199,            0.016392,             0.67131,             0.15845,             0.13875,              0.0474,            0.075322,            0.040983,            0.012485,             0.00835,             0.00835,             0.00835
                  52,            0.077866,            0.056403,            0.014251,             0.61232,             0.16197,            0.087821,            0.024955,             0.07857,            0.041273,            0.012717,            0.008317,            0.008317,            0.008317
                  53,            0.078669,            0.056762,             0.01637,             0.63997,             0.18662,             0.11977,            0.037397,            0.075716,            0.037953,            0.011716,            0.008284,            0.008284,            0.008284
                  54,            0.078026,            0.054982,            0.014131,             0.60989,             0.22887,            0.097955,            0.028146,            0.082826,            0.044316,             0.01199,            0.008251,            0.008251,            0.008251
                  55,            0.080036,            0.050543,            0.013901,             0.66118,             0.20423,             0.13855,            0.044926,            0.073597,            0.041892,            0.011862,            0.008218,            0.008218,            0.008218
                  56,            0.075159,            0.056248,            0.012814,             0.60988,              0.1831,            0.098566,            0.033666,            0.081258,            0.056519,            0.012036,            0.008185,            0.008185,            0.008185
                  57,            0.080859,            0.061916,            0.014117,              0.6485,             0.17958,             0.13333,            0.042678,            0.073889,            0.037869,            0.011868,            0.008152,            0.008152,            0.008152
                  58,            0.076659,            0.057717,            0.014943,             0.64071,             0.17254,              0.1127,            0.038966,            0.080571,            0.042427,            0.011932,            0.008119,            0.008119,            0.008119
                  59,            0.074852,            0.054357,            0.015002,             0.62198,             0.11268,            0.059212,            0.021359,            0.086881,            0.039313,            0.011655,            0.008086,            0.008086,            0.008086
                  60,            0.077593,            0.054973,            0.014703,             0.70013,             0.21127,             0.18553,            0.066153,            0.071604,            0.038578,            0.011874,            0.008053,            0.008053,            0.008053
                  61,            0.074214,            0.049648,            0.014519,             0.61433,             0.14926,            0.061719,            0.021087,            0.089779,             0.03899,            0.012054,             0.00802,             0.00802,             0.00802
                  62,            0.072892,            0.063007,            0.014513,             0.65286,             0.22183,             0.17395,            0.050239,            0.074419,            0.052387,            0.011899,            0.007987,            0.007987,            0.007987
                  63,            0.076119,            0.057686,            0.016296,             0.70133,              0.1831,             0.16539,            0.053449,            0.074866,            0.033955,            0.011551,            0.007954,            0.007954,            0.007954
                  64,            0.070007,            0.052492,            0.014987,             0.70994,             0.19718,             0.18365,            0.066936,            0.070885,            0.038687,            0.012329,            0.007921,            0.007921,            0.007921
                  65,            0.070671,            0.052107,            0.014366,             0.61063,             0.24296,             0.14345,            0.051109,            0.076249,            0.040054,            0.012891,            0.007888,            0.007888,            0.007888
                  66,            0.072956,            0.053634,            0.014031,             0.63163,             0.24296,             0.13712,            0.054389,            0.070305,            0.037044,            0.012921,            0.007855,            0.007855,            0.007855
                  67,             0.06805,            0.053506,            0.013513,             0.64487,             0.22183,              0.1541,            0.054176,            0.072783,            0.043922,            0.012204,            0.007822,            0.007822,            0.007822
                  68,            0.071239,            0.057991,            0.014531,             0.74002,             0.20423,             0.20913,            0.081512,            0.072977,            0.036167,            0.012305,            0.007789,            0.007789,            0.007789
                  69,            0.069989,            0.051635,            0.014545,             0.65577,             0.17254,             0.11284,            0.038306,            0.077358,            0.035548,             0.01217,            0.007756,            0.007756,            0.007756
                  70,            0.067502,            0.051625,            0.014815,             0.80759,             0.22887,             0.23955,            0.085303,            0.066368,            0.031557,            0.011911,            0.007723,            0.007723,            0.007723
                  71,            0.067499,            0.063005,            0.014744,             0.72194,             0.19366,              0.1711,            0.062803,            0.071156,            0.032582,            0.012109,             0.00769,             0.00769,             0.00769
                  72,            0.066911,             0.05479,            0.014869,             0.66911,              0.2007,             0.16215,            0.053961,            0.071624,            0.034168,            0.012122,            0.007657,            0.007657,            0.007657
                  73,            0.066033,            0.050396,             0.01412,             0.68603,             0.19014,             0.14012,            0.049734,            0.071785,            0.030706,            0.012051,            0.007624,            0.007624,            0.007624
                  74,            0.067767,            0.056867,            0.012272,              0.6778,             0.16901,             0.14113,            0.051824,            0.072149,            0.030229,            0.011966,            0.007591,            0.007591,            0.007591
                  75,             0.06685,            0.055808,            0.013535,             0.72461,             0.19014,             0.18355,            0.064852,            0.072647,             0.02981,            0.012015,            0.007558,            0.007558,            0.007558
                  76,            0.069687,            0.052825,            0.015309,             0.73557,             0.23239,             0.24222,            0.084335,            0.065377,            0.032054,            0.012277,            0.007525,            0.007525,            0.007525
                  77,            0.067538,            0.051268,            0.012943,             0.66907,             0.17606,              0.1298,            0.046842,            0.074092,            0.034033,            0.012088,            0.007492,            0.007492,            0.007492
                  78,             0.06747,            0.046835,            0.016438,              0.7001,             0.25352,              0.2048,            0.071514,            0.065988,            0.033072,            0.012177,            0.007459,            0.007459,            0.007459
                  79,            0.063431,            0.049035,            0.013296,             0.39965,             0.38188,             0.23141,            0.081603,            0.064146,            0.039551,            0.012375,            0.007426,            0.007426,            0.007426
                  80,            0.064624,            0.055607,            0.014227,             0.72328,             0.25704,             0.25726,            0.095866,            0.063476,            0.032228,            0.012424,            0.007393,            0.007393,            0.007393
                  81,            0.064033,            0.052439,            0.011946,             0.69388,             0.22183,             0.17529,            0.072769,            0.069802,             0.03177,            0.012143,             0.00736,             0.00736,             0.00736
                  82,             0.06637,            0.054008,            0.014535,             0.70147,             0.17958,             0.15739,            0.057382,            0.078748,             0.03422,            0.012274,            0.007327,            0.007327,            0.007327
                  83,            0.065749,            0.051279,            0.015101,             0.72128,             0.21526,             0.17648,            0.058582,            0.070386,            0.032144,            0.012247,            0.007294,            0.007294,            0.007294
                  84,            0.071515,            0.053358,            0.015171,             0.83281,             0.26761,             0.31112,             0.12378,            0.059688,              0.0309,            0.012439,            0.007261,            0.007261,            0.007261
                  85,            0.069898,            0.053107,             0.01313,             0.77391,             0.25704,             0.27901,             0.10838,            0.062858,             0.03705,            0.012344,            0.007228,            0.007228,            0.007228
                  86,            0.065301,            0.054902,            0.012646,             0.76694,             0.28521,              0.2618,            0.098729,            0.060578,            0.034387,             0.01207,            0.007195,            0.007195,            0.007195
                  87,             0.06795,            0.056623,            0.013663,              0.7431,              0.2993,             0.28512,             0.12208,            0.058141,            0.035948,            0.011603,            0.007162,            0.007162,            0.007162
                  88,            0.063198,            0.049344,            0.015713,             0.72436,             0.24296,             0.22184,             0.07847,            0.067372,            0.035284,              0.0117,            0.007129,            0.007129,            0.007129
                  89,            0.067456,            0.050999,            0.013247,             0.72707,             0.29577,             0.27087,             0.12146,            0.058794,            0.033337,            0.011572,            0.007096,            0.007096,            0.007096
                  90,            0.061329,            0.050615,            0.014161,              0.7829,             0.25704,             0.26539,             0.10375,            0.064686,            0.037321,            0.011469,            0.007063,            0.007063,            0.007063
                  91,            0.065287,            0.055471,            0.013778,              0.7216,             0.26627,             0.23703,            0.085756,            0.066801,            0.036051,            0.011935,             0.00703,             0.00703,             0.00703
                  92,            0.065685,            0.047199,            0.012734,             0.79248,             0.27465,             0.32629,             0.12004,            0.059008,            0.035116,            0.012506,            0.006997,            0.006997,            0.006997
                  93,            0.063993,            0.052369,            0.012758,              0.7493,             0.24296,             0.24562,            0.085028,            0.065383,            0.038101,            0.012064,            0.006964,            0.006964,            0.006964
                  94,            0.060326,            0.049489,            0.014246,             0.44142,             0.37711,             0.33227,             0.13612,            0.058071,            0.031712,            0.011902,            0.006931,            0.006931,            0.006931
                  95,            0.067101,            0.052732,            0.013482,             0.39226,             0.33838,             0.31871,             0.11976,            0.061188,             0.03275,            0.012274,            0.006898,            0.006898,            0.006898
                  96,            0.059998,            0.051342,              0.0125,             0.60343,             0.33838,             0.35667,             0.15552,            0.056546,            0.030739,            0.012167,            0.006865,            0.006865,            0.006865
                  97,            0.064279,            0.046841,            0.013409,             0.35172,             0.32077,             0.24174,            0.093812,            0.062779,            0.031067,            0.012128,            0.006832,            0.006832,            0.006832
                  98,            0.061628,            0.057493,            0.013473,             0.44323,             0.32782,             0.26178,            0.097331,            0.063178,            0.028721,            0.011813,            0.006799,            0.006799,            0.006799
                  99,            0.062034,            0.045508,            0.013999,              0.3131,             0.32782,             0.23277,              0.0957,            0.060418,            0.029978,            0.012015,            0.006766,            0.006766,            0.006766
                 100,            0.065498,            0.048866,            0.013264,             0.40605,             0.32858,             0.24919,            0.088261,            0.059819,            0.030345,            0.012057,            0.006733,            0.006733,            0.006733
                 101,            0.061816,            0.045721,            0.011965,             0.82085,             0.27113,             0.31398,             0.11858,            0.061962,            0.029817,            0.011899,              0.0067,              0.0067,              0.0067
                 102,            0.057905,             0.04831,            0.012669,             0.71957,             0.35599,             0.34347,             0.14163,            0.057717,            0.029552,            0.011688,            0.006667,            0.006667,            0.006667
                 103,            0.058861,            0.046716,            0.011561,             0.48108,             0.30891,             0.29031,              0.1016,             0.06322,             0.02952,            0.011658,            0.006634,            0.006634,            0.006634
                 104,            0.062217,            0.047012,            0.013876,             0.42083,             0.34542,             0.35217,             0.13878,            0.056497,            0.030597,            0.012201,            0.006601,            0.006601,            0.006601
                 105,            0.064136,            0.050571,            0.014503,             0.54718,              0.3243,             0.30886,             0.11158,            0.063298,             0.03139,             0.01181,            0.006568,            0.006568,            0.006568
                 106,            0.059225,            0.049257,            0.013131,             0.83309,             0.27405,             0.31014,             0.13495,            0.059168,            0.030848,             0.01218,            0.006535,            0.006535,            0.006535
                 107,            0.060826,            0.048047,            0.015269,             0.49531,             0.33486,             0.33571,             0.13909,            0.058046,             0.03215,            0.012018,            0.006502,            0.006502,            0.006502
                 108,            0.060751,            0.054283,            0.013693,              0.6085,             0.33486,             0.32079,             0.12494,            0.061835,            0.033059,            0.011844,            0.006469,            0.006469,            0.006469
                 109,            0.062946,            0.044843,            0.013899,              0.8179,             0.28873,             0.31812,             0.12471,            0.057703,            0.034678,              0.0121,            0.006436,            0.006436,            0.006436
                 110,            0.059018,            0.046639,            0.012629,             0.78925,              0.3169,             0.29309,             0.12282,            0.056652,            0.032208,            0.011798,            0.006403,            0.006403,            0.006403
                 111,            0.063886,            0.050149,            0.012097,             0.48604,             0.33486,             0.35738,             0.14818,            0.056052,            0.028392,            0.011749,             0.00637,             0.00637,             0.00637
                 112,            0.059763,            0.045593,            0.012191,              0.6637,             0.30669,             0.32182,             0.12272,            0.061474,            0.028205,            0.011578,            0.006337,            0.006337,            0.006337
                 113,            0.061458,            0.049841,            0.011914,             0.49571,             0.38781,              0.3219,             0.12919,            0.056102,            0.028424,            0.011316,            0.006304,            0.006304,            0.006304
                 114,            0.061144,            0.055619,             0.01403,             0.25938,             0.28023,             0.22013,            0.077209,            0.068389,            0.049957,            0.011993,            0.006271,            0.006271,            0.006271
                 115,            0.058885,            0.058426,             0.01374,             0.50387,             0.32109,             0.35328,             0.14148,             0.05813,            0.029617,            0.011227,            0.006238,            0.006238,            0.006238
                 116,            0.058831,            0.045205,            0.013937,             0.47394,              0.3944,             0.40081,             0.14669,            0.058213,            0.029275,            0.011282,            0.006205,            0.006205,            0.006205
                 117,            0.064926,            0.048175,             0.01318,              0.3308,             0.44824,             0.28686,             0.10133,            0.057364,            0.032421,            0.010928,            0.006172,            0.006172,            0.006172
                 118,            0.055087,            0.048683,            0.013897,             0.43677,             0.37225,             0.38217,               0.168,            0.054685,            0.029398,            0.011008,            0.006139,            0.006139,            0.006139
                 119,            0.056226,            0.052759,            0.012153,             0.84392,             0.32746,             0.35227,             0.15456,            0.054592,            0.030042,            0.010687,            0.006106,            0.006106,            0.006106
                 120,            0.057037,            0.049664,            0.013115,             0.34154,              0.4412,             0.38134,             0.14078,            0.056506,            0.031493,            0.010231,            0.006073,            0.006073,            0.006073
                 121,            0.055785,            0.051286,            0.013084,             0.45221,             0.37359,             0.36893,             0.15327,            0.054134,            0.029101,            0.011591,             0.00604,             0.00604,             0.00604
                 122,            0.056593,            0.044144,             0.01176,             0.58533,             0.30718,             0.31653,             0.13137,            0.059111,            0.029011,            0.011432,            0.006007,            0.006007,            0.006007
                 123,            0.058986,            0.052117,            0.011583,             0.50507,             0.31373,             0.34636,             0.14031,            0.060207,            0.027947,            0.011115,            0.005974,            0.005974,            0.005974
                 124,            0.059873,            0.044983,            0.010286,             0.36844,             0.42359,             0.40712,             0.17471,            0.052546,            0.027631,            0.011255,            0.005941,            0.005941,            0.005941
                 125,            0.055792,             0.04878,            0.010879,             0.53421,             0.29965,             0.31688,             0.10807,            0.063799,            0.028618,            0.010971,            0.005908,            0.005908,            0.005908
                 126,            0.056279,            0.045872,            0.010344,             0.86603,             0.31746,             0.38659,              0.1652,            0.052897,            0.029681,            0.011609,            0.005875,            0.005875,            0.005875
                 127,            0.057157,            0.046622,            0.012215,             0.56589,             0.37003,             0.41075,             0.18079,            0.054755,            0.028186,            0.010608,            0.005842,            0.005842,            0.005842
                 128,             0.05958,            0.054564,            0.010318,             0.64227,             0.35599,             0.38721,             0.16605,            0.054698,            0.029649,            0.010593,            0.005809,            0.005809,            0.005809
                 129,            0.056253,            0.047328,            0.010613,             0.57231,             0.44418,             0.44548,             0.17405,            0.051965,            0.029049,            0.010617,            0.005776,            0.005776,            0.005776
                 130,            0.054411,            0.047058,            0.011662,             0.42501,             0.39824,             0.38508,             0.15733,            0.053948,            0.028772,             0.01087,            0.005743,            0.005743,            0.005743
                 131,            0.055853,            0.043475,            0.011902,             0.62471,             0.33838,             0.39146,             0.16599,            0.055957,            0.026632,            0.010608,             0.00571,             0.00571,             0.00571
                 132,            0.056713,            0.049825,            0.011204,             0.44468,             0.45859,             0.43629,             0.18546,             0.05155,            0.026967,            0.010712,            0.005677,            0.005677,            0.005677
                 133,            0.054296,            0.044901,            0.010967,             0.46658,             0.44859,             0.34417,             0.12425,            0.058848,            0.028443,            0.010324,            0.005644,            0.005644,            0.005644
                 134,            0.053932,            0.043581,            0.010787,             0.48902,             0.45981,             0.42592,             0.17073,            0.054045,            0.029585,            0.010529,            0.005611,            0.005611,            0.005611
                 135,            0.059093,            0.042512,           0.0092033,             0.39782,             0.46121,             0.46669,             0.17638,            0.052653,            0.029926,           0.0098251,            0.005578,            0.005578,            0.005578
                 136,            0.055944,            0.050718,           0.0095955,             0.38362,             0.48112,             0.44116,             0.18496,            0.051662,            0.028566,           0.0094208,            0.005545,            0.005545,            0.005545
                 137,            0.058179,            0.046027,            0.009839,             0.36901,              0.3424,             0.37532,             0.13537,            0.059683,            0.028456,           0.0095871,            0.005512,            0.005512,            0.005512
                 138,            0.054392,            0.047845,             0.01062,             0.50157,              0.4588,             0.46739,             0.19841,            0.051215,            0.027779,           0.0093521,            0.005479,            0.005479,            0.005479
                 139,            0.053554,            0.044557,           0.0092537,             0.58503,             0.42324,             0.47344,             0.21195,            0.050634,             0.02689,           0.0098053,            0.005446,            0.005446,            0.005446
                 140,            0.054942,            0.041095,           0.0090977,             0.46202,             0.47324,             0.42702,             0.19393,            0.051862,            0.028798,            0.010416,            0.005413,            0.005413,            0.005413
                 141,            0.056698,            0.043685,            0.010671,             0.47187,             0.42711,             0.41951,             0.16812,            0.056386,            0.028566,            0.010287,             0.00538,             0.00538,             0.00538
                 142,            0.055985,            0.044808,           0.0088968,             0.61612,             0.42488,             0.44328,             0.16637,            0.054228,            0.027657,            0.010562,            0.005347,            0.005347,            0.005347
                 143,            0.057009,            0.044958,            0.008576,             0.86347,             0.30634,             0.38863,             0.15626,            0.055936,            0.029765,            0.011923,            0.005314,            0.005314,            0.005314
                 144,            0.055691,            0.055057,            0.010037,             0.76533,             0.32391,               0.369,             0.15247,            0.052729,            0.031054,            0.010626,            0.005281,            0.005281,            0.005281
                 145,            0.053894,               0.049,            0.010258,             0.47305,             0.45749,             0.44546,             0.18626,            0.050229,            0.028218,           0.0092636,            0.005248,            0.005248,            0.005248
                 146,            0.055093,            0.049741,           0.0091629,             0.59042,             0.40951,             0.45691,             0.19498,            0.051318,            0.028244,           0.0089523,            0.005215,            0.005215,            0.005215
                 147,            0.056368,            0.047775,           0.0089503,             0.43432,             0.49018,             0.44618,             0.20419,             0.05085,            0.026322,           0.0089111,            0.005182,            0.005182,            0.005182
                 148,            0.057203,            0.046915,           0.0089069,             0.41437,             0.43415,             0.43102,             0.16729,            0.055518,            0.027231,           0.0085815,            0.005149,            0.005149,            0.005149
                 149,            0.055412,            0.041894,           0.0089764,             0.54949,             0.46268,             0.49523,             0.21034,            0.052057,            0.026316,           0.0084885,            0.005116,            0.005116,            0.005116
                 150,            0.055034,            0.046461,           0.0088994,             0.59414,             0.42845,             0.46561,             0.19465,            0.053493,            0.027167,           0.0096313,            0.005083,            0.005083,            0.005083
                 151,            0.053243,            0.041573,           0.0078437,             0.47875,             0.48415,             0.45461,             0.17815,            0.054948,            0.028231,           0.0087219,             0.00505,             0.00505,             0.00505
                 152,            0.055439,            0.048067,           0.0087517,             0.46837,             0.54472,             0.49269,             0.21831,            0.049289,            0.027244,           0.0090439,            0.005017,            0.005017,            0.005017
                 153,            0.053442,            0.045837,           0.0074923,             0.52247,             0.44155,             0.43867,             0.18446,            0.055707,            0.026761,           0.0087204,            0.004984,            0.004984,            0.004984
                 154,            0.055933,            0.053634,           0.0093855,             0.37266,             0.44472,              0.4622,             0.22089,            0.050946,            0.027296,           0.0093658,            0.004951,            0.004951,            0.004951
                 155,             0.05564,            0.046733,           0.0086363,             0.50806,              0.4374,             0.45061,             0.17829,            0.056633,             0.02678,           0.0088379,            0.004918,            0.004918,            0.004918
                 156,             0.05623,            0.049038,           0.0088977,             0.64691,             0.43013,             0.51298,             0.23804,            0.050139,            0.026851,           0.0089722,            0.004885,            0.004885,            0.004885
                 157,            0.054308,            0.042923,           0.0084192,             0.47806,             0.46266,             0.43428,             0.19792,            0.053767,            0.028921,           0.0091583,            0.004852,            0.004852,            0.004852
                 158,            0.052839,            0.043994,           0.0089354,             0.61943,             0.41978,             0.43009,             0.18754,            0.053472,            0.027979,            0.010889,            0.004819,            0.004819,            0.004819
                 159,            0.054244,            0.042468,           0.0075072,             0.51426,             0.36303,             0.37742,             0.16927,            0.054239,            0.029507,            0.010425,            0.004786,            0.004786,            0.004786
                 160,             0.05565,            0.044993,           0.0081258,             0.54652,             0.36555,             0.35708,             0.13111,            0.059844,             0.02932,            0.010257,            0.004753,            0.004753,            0.004753
                 161,            0.054844,            0.042779,           0.0077834,             0.64569,             0.38803,             0.38912,             0.17498,             0.05284,             0.02932,           0.0097565,             0.00472,             0.00472,             0.00472
                 162,            0.056058,            0.043257,           0.0093327,             0.31346,             0.36542,             0.27672,             0.11863,            0.058188,            0.033446,            0.012183,            0.004687,            0.004687,            0.004687
                 163,            0.051666,            0.047132,           0.0073956,             0.51676,             0.41422,             0.40443,             0.18725,            0.051688,            0.028862,            0.011618,            0.004654,            0.004654,            0.004654
                 164,            0.054985,            0.050655,            0.010353,             0.47369,              0.4412,             0.38962,              0.1562,            0.056967,            0.029552,            0.011932,            0.004621,            0.004621,            0.004621
                 165,            0.053782,            0.043778,           0.0086146,             0.57683,             0.34542,             0.41686,             0.19353,            0.050691,            0.029043,            0.010388,            0.004588,            0.004588,            0.004588
                 166,            0.052162,            0.043891,           0.0086003,             0.47739,             0.48103,              0.4294,             0.20982,            0.049776,            0.028463,           0.0099655,            0.004555,            0.004555,            0.004555
                 167,            0.052624,            0.047202,           0.0087197,             0.53278,              0.4419,             0.43714,             0.21059,            0.049048,            0.027199,            0.010818,            0.004522,            0.004522,            0.004522
                 168,            0.049951,            0.042453,           0.0071685,               0.506,             0.47324,             0.44434,              0.2063,            0.049897,             0.02687,            0.010883,            0.004489,            0.004489,            0.004489
                 169,            0.054066,            0.044666,           0.0087168,             0.53819,             0.42324,             0.44064,             0.20108,            0.050157,            0.026065,              0.0108,            0.004456,            0.004456,            0.004456
                 170,            0.052059,            0.045987,           0.0088035,             0.42758,             0.42359,             0.42377,              0.2047,            0.051665,            0.026509,           0.0098923,            0.004423,            0.004423,            0.004423
                 171,            0.050788,            0.045332,           0.0088502,             0.48033,             0.43176,             0.41707,             0.18487,            0.055304,            0.026593,           0.0092499,             0.00439,             0.00439,             0.00439
                 172,            0.053058,            0.044605,           0.0075884,             0.54965,             0.47394,             0.47711,             0.23553,            0.050497,            0.026252,           0.0091049,            0.004357,            0.004357,            0.004357
                 173,            0.051784,            0.047043,           0.0077492,             0.59365,             0.45915,             0.49453,             0.23406,            0.049303,            0.026374,           0.0095642,            0.004324,            0.004324,            0.004324
                 174,            0.049463,            0.039468,           0.0072358,             0.60269,             0.49824,             0.50923,             0.23758,            0.047811,            0.025852,           0.0087936,            0.004291,            0.004291,            0.004291
                 175,            0.052341,            0.053134,           0.0087214,             0.48424,             0.50563,             0.50679,             0.25088,            0.048481,             0.02756,           0.0084854,            0.004258,            0.004258,            0.004258
                 176,            0.052042,            0.046315,           0.0080421,             0.54374,             0.47711,             0.49809,             0.20433,            0.053945,            0.027296,            0.008316,            0.004225,            0.004225,            0.004225
                 177,            0.049525,            0.042548,           0.0061234,             0.53375,             0.48099,             0.50794,             0.23478,            0.048968,             0.02707,           0.0082275,            0.004192,            0.004192,            0.004192
                 178,            0.052214,             0.04476,           0.0075113,             0.52162,             0.49915,             0.51156,             0.21832,            0.052563,             0.02765,            0.007431,            0.004159,            0.004159,            0.004159
                 179,            0.050481,            0.045569,           0.0072439,             0.63527,             0.48415,              0.5358,             0.23566,            0.051949,            0.028269,           0.0070969,            0.004126,            0.004126,            0.004126
                 180,            0.050801,            0.038887,           0.0078833,             0.60754,             0.51536,             0.57248,             0.26645,             0.04731,            0.026967,            0.006987,            0.004093,            0.004093,            0.004093
                 181,            0.054299,            0.047064,           0.0075185,             0.56113,             0.47359,             0.52214,             0.22632,            0.052269,            0.026877,           0.0069077,             0.00406,             0.00406,             0.00406
                 182,            0.050606,            0.046439,           0.0074708,             0.63379,             0.50951,             0.54231,             0.26265,            0.048833,             0.02738,           0.0073441,            0.004027,            0.004027,            0.004027
                 183,            0.047571,            0.041013,           0.0066207,             0.62004,             0.53135,             0.57262,             0.26026,            0.047598,             0.02561,           0.0083054,            0.003994,            0.003994,            0.003994
                 184,            0.050903,            0.045077,           0.0067062,             0.69174,             0.46327,             0.53789,             0.24836,            0.049185,            0.025852,           0.0085251,            0.003961,            0.003961,            0.003961
                 185,            0.050255,             0.04336,           0.0074661,             0.60309,             0.59698,             0.56433,             0.25303,            0.048376,            0.026019,           0.0081177,            0.003928,            0.003928,            0.003928
                 186,            0.049593,            0.044752,           0.0078797,             0.60866,             0.50952,             0.55335,             0.24116,            0.050087,            0.027206,           0.0088181,            0.003895,            0.003895,            0.003895
                 187,            0.049272,            0.042458,            0.006394,             0.57075,             0.50135,             0.50914,             0.23401,            0.049149,            0.026974,           0.0084869,            0.003862,            0.003862,            0.003862
                 188,            0.049035,            0.043005,           0.0071909,             0.57146,              0.4993,             0.51094,             0.20973,            0.050761,            0.027109,           0.0094437,            0.003829,            0.003829,            0.003829
                 189,            0.051147,            0.041561,           0.0072735,             0.60411,             0.50282,             0.55214,             0.24148,            0.050318,            0.026683,           0.0082657,            0.003796,            0.003796,            0.003796
                 190,            0.050293,            0.042739,           0.0070255,             0.74056,             0.51874,              0.6106,             0.28021,            0.047957,            0.025942,           0.0064209,            0.003763,            0.003763,            0.003763
                 191,            0.052346,             0.04805,           0.0074634,             0.65264,             0.51256,             0.60357,             0.27751,             0.04876,            0.027173,           0.0068832,             0.00373,             0.00373,             0.00373
                 192,            0.048991,            0.040855,           0.0063988,             0.64911,             0.52711,             0.57912,             0.25277,            0.051056,            0.026606,           0.0071167,            0.003697,            0.003697,            0.003697
                 193,            0.049638,            0.044727,           0.0067729,             0.55951,             0.52711,             0.55576,             0.25653,             0.04923,            0.028469,           0.0068497,            0.003664,            0.003664,            0.003664
                 194,            0.047673,            0.038184,           0.0065074,             0.62278,             0.52007,             0.52811,             0.25321,            0.047775,            0.025794,           0.0081223,            0.003631,            0.003631,            0.003631
                 195,            0.049656,            0.045616,           0.0064387,             0.60771,             0.56268,             0.57799,              0.2603,            0.048129,            0.027238,           0.0062759,            0.003598,            0.003598,            0.003598
                 196,            0.048552,            0.039855,           0.0076209,             0.55724,             0.52779,             0.55563,              0.2758,            0.048613,            0.026761,           0.0081497,            0.003565,            0.003565,            0.003565
                 197,            0.051152,            0.046138,           0.0075733,             0.48876,             0.60231,             0.51493,             0.21988,            0.052727,             0.02669,           0.0090088,            0.003532,            0.003532,            0.003532
                 198,            0.050372,            0.041218,           0.0057819,             0.55202,             0.58193,             0.56342,             0.26492,             0.04785,            0.025891,           0.0076752,            0.003499,            0.003499,            0.003499
                 199,            0.047336,            0.041329,           0.0050475,             0.59172,             0.53063,             0.55491,             0.26603,             0.04902,            0.027541,           0.0064484,            0.003466,            0.003466,            0.003466
                 200,            0.046403,            0.041731,           0.0059949,             0.70687,             0.47332,             0.57457,             0.26871,            0.046869,            0.026168,           0.0070953,            0.003433,            0.003433,            0.003433
                 201,            0.049625,            0.047694,           0.0059384,              0.5113,             0.39893,             0.44253,             0.18934,            0.055817,            0.027934,           0.0081009,              0.0034,              0.0034,              0.0034
                 202,            0.050486,            0.047253,           0.0063031,             0.50138,             0.58443,             0.56071,             0.26934,            0.046704,            0.025961,           0.0069504,            0.003367,            0.003367,            0.003367
                 203,             0.04687,            0.039307,           0.0066833,             0.57014,              0.5662,             0.55296,             0.25781,             0.04713,            0.025123,           0.0077988,            0.003334,            0.003334,            0.003334
                 204,            0.049232,            0.046433,           0.0065922,             0.59221,             0.56899,             0.54076,             0.25354,            0.047565,            0.025704,           0.0081421,            0.003301,            0.003301,            0.003301
                 205,            0.046745,            0.040769,           0.0062979,             0.70188,             0.47711,             0.56365,              0.2546,            0.047976,            0.024917,           0.0077164,            0.003268,            0.003268,            0.003268
                 206,            0.050277,            0.038756,           0.0065373,             0.65161,             0.55951,             0.57994,              0.2752,            0.046784,            0.025536,           0.0070282,            0.003235,            0.003235,            0.003235
                 207,             0.04935,            0.044051,           0.0062702,             0.49697,             0.60176,             0.53327,             0.24765,            0.049559,            0.026252,           0.0063889,            0.003202,            0.003202,            0.003202
                 208,            0.047149,            0.041783,           0.0061504,             0.60937,             0.57324,             0.58422,             0.25197,            0.047109,            0.025994,           0.0065475,            0.003169,            0.003169,            0.003169
                 209,            0.047584,            0.049363,           0.0062689,             0.50015,             0.43768,             0.50401,             0.21936,            0.049393,            0.027209,           0.0071548,            0.003136,            0.003136,            0.003136
                 210,            0.048659,            0.046448,           0.0064038,             0.65593,              0.5704,              0.5681,             0.26732,            0.049716,            0.026406,           0.0069168,            0.003103,            0.003103,            0.003103
                 211,            0.050051,            0.041809,           0.0054242,             0.68073,             0.55657,             0.58717,             0.27039,            0.048433,            0.025272,           0.0067856,             0.00307,             0.00307,             0.00307
                 212,            0.047636,            0.036754,           0.0063722,             0.65887,             0.64866,             0.64321,             0.28758,            0.046461,            0.025294,           0.0062164,            0.003037,            0.003037,            0.003037
                 213,            0.046983,             0.04188,           0.0060036,             0.68504,             0.50528,             0.57292,             0.26371,            0.047474,            0.026858,           0.0080704,            0.003004,            0.003004,            0.003004
                 214,            0.048382,            0.042563,            0.006648,             0.66055,             0.60193,             0.61043,             0.28433,            0.046097,            0.025649,           0.0073044,            0.002971,            0.002971,            0.002971
                 215,            0.047396,            0.038819,           0.0062243,             0.62395,             0.55528,             0.58322,             0.27402,            0.046016,            0.025971,           0.0072906,            0.002938,            0.002938,            0.002938
                 216,            0.050391,            0.042842,           0.0074558,             0.60228,             0.54224,             0.57354,             0.26379,            0.047829,            0.028147,           0.0068329,            0.002905,            0.002905,            0.002905
                 217,            0.044212,            0.040245,           0.0054374,             0.57272,             0.57937,             0.59689,             0.28934,            0.046825,            0.026774,           0.0062576,            0.002872,            0.002872,            0.002872
                 218,             0.04612,             0.04574,           0.0063953,             0.69891,             0.47782,             0.58449,             0.29007,            0.047782,            0.026587,           0.0078232,            0.002839,            0.002839,            0.002839
                 219,            0.048772,             0.04423,           0.0061342,             0.73078,             0.49436,             0.60706,             0.26791,            0.050611,            0.027567,           0.0079086,            0.002806,            0.002806,            0.002806
                 220,            0.046377,            0.038577,            0.005883,             0.60969,             0.59261,             0.58319,             0.28498,            0.046531,             0.02631,           0.0066086,            0.002773,            0.002773,            0.002773
                 221,            0.046392,            0.043131,           0.0058128,              0.5273,             0.59085,             0.57201,             0.26359,            0.047319,            0.025123,           0.0073975,             0.00274,             0.00274,             0.00274
                 222,            0.047659,            0.044761,           0.0070873,             0.72309,             0.50915,             0.57879,             0.25062,             0.04981,            0.026497,           0.0066132,            0.002707,            0.002707,            0.002707
                 223,            0.048175,            0.037637,           0.0059831,              0.6087,             0.58155,             0.60546,             0.27931,            0.047461,              0.0259,           0.0067703,            0.002674,            0.002674,            0.002674
                 224,            0.046489,            0.042538,           0.0058565,             0.59204,             0.61443,             0.63573,              0.2961,            0.046645,            0.025684,           0.0059036,            0.002641,            0.002641,            0.002641
                 225,            0.047112,            0.041955,           0.0053951,              0.6248,             0.52812,              0.6095,             0.26785,            0.049044,            0.026613,           0.0060837,            0.002608,            0.002608,            0.002608
                 226,            0.047887,            0.041047,           0.0059897,              0.6044,             0.53768,             0.56697,             0.26179,            0.046941,            0.025974,           0.0076828,            0.002575,            0.002575,            0.002575
                 227,            0.046301,            0.044966,           0.0058699,             0.57048,             0.59824,             0.58871,             0.24851,            0.047662,            0.026355,           0.0058945,            0.002542,            0.002542,            0.002542
                 228,             0.04632,            0.039742,           0.0052804,             0.62858,             0.57641,             0.60742,             0.28145,            0.046339,              0.0258,           0.0057755,            0.002509,            0.002509,            0.002509
                 229,              0.0446,            0.040138,           0.0065197,             0.67519,             0.55832,             0.58353,             0.28079,            0.046626,            0.025439,            0.006601,            0.002476,            0.002476,            0.002476
                 230,            0.044979,            0.040131,           0.0063107,             0.69547,             0.56303,             0.63582,              0.3124,            0.045431,            0.025085,           0.0065247,            0.002443,            0.002443,            0.002443
                 231,            0.044968,            0.042066,           0.0047663,             0.61877,             0.57676,             0.59069,             0.27297,            0.045983,            0.024495,           0.0074295,             0.00241,             0.00241,             0.00241
                 232,            0.046477,            0.043618,           0.0055425,             0.58632,             0.54789,               0.564,             0.25653,             0.04622,            0.025052,           0.0091232,            0.002377,            0.002377,            0.002377
                 233,            0.046644,            0.039466,           0.0060855,             0.65689,              0.5511,             0.58993,             0.27107,            0.045493,            0.025156,            0.006958,            0.002344,            0.002344,            0.002344
                 234,            0.045121,             0.04158,           0.0054924,             0.62428,             0.56303,             0.61164,              0.3091,            0.045915,            0.025388,           0.0085602,            0.002311,            0.002311,            0.002311
                 235,            0.049366,            0.048066,           0.0057402,             0.67506,             0.57447,              0.6149,             0.27969,            0.048181,            0.026187,           0.0063828,            0.002278,            0.002278,            0.002278
                 236,            0.044053,             0.04029,           0.0054734,             0.69178,             0.57359,             0.60542,             0.28605,             0.04632,            0.026074,           0.0063316,            0.002245,            0.002245,            0.002245
                 237,            0.046465,              0.0447,           0.0057609,             0.67243,             0.53768,             0.54942,             0.25226,            0.047549,            0.026938,           0.0076843,            0.002212,            0.002212,            0.002212
                 238,            0.044029,            0.038837,           0.0059347,             0.62376,             0.60915,             0.62781,             0.27487,            0.048299,            0.025913,           0.0058983,            0.002179,            0.002179,            0.002179
                 239,            0.047524,            0.049978,           0.0056833,             0.68598,             0.56371,              0.6282,             0.27534,            0.049207,            0.024988,           0.0065125,            0.002146,            0.002146,            0.002146
                 240,            0.044147,            0.038336,           0.0040128,             0.58482,             0.62016,             0.62705,             0.29738,            0.046453,            0.025001,           0.0071198,            0.002113,            0.002113,            0.002113
                 241,            0.047824,            0.040194,           0.0052352,             0.68736,             0.56548,             0.61356,             0.27854,             0.04982,            0.025646,           0.0073044,             0.00208,             0.00208,             0.00208
                 242,            0.047462,            0.042534,           0.0065017,             0.58433,             0.61232,             0.57611,             0.27667,            0.045804,            0.025704,           0.0077332,            0.002047,            0.002047,            0.002047
                 243,             0.04917,            0.042368,           0.0055363,             0.55631,             0.57289,             0.57667,             0.27477,            0.046076,            0.025626,           0.0073776,            0.002014,            0.002014,            0.002014
                 244,            0.047181,            0.042387,           0.0050272,             0.77383,             0.47359,             0.57016,             0.26072,            0.047153,            0.025791,           0.0060623,            0.001981,            0.001981,            0.001981
                 245,            0.047923,            0.039668,           0.0056248,             0.68277,              0.5662,             0.59361,              0.2746,            0.046052,            0.025497,           0.0059708,            0.001948,            0.001948,            0.001948
                 246,             0.04559,            0.043224,           0.0041658,             0.76658,             0.52259,             0.59842,             0.27943,             0.04646,            0.026252,           0.0058868,            0.001915,            0.001915,            0.001915
                 247,            0.045944,            0.041073,            0.005312,             0.69268,             0.55176,             0.62343,              0.2882,            0.046292,            0.025475,            0.007074,            0.001882,            0.001882,            0.001882
                 248,            0.048169,            0.045994,           0.0051835,             0.75487,              0.5308,             0.61857,             0.30014,            0.045048,            0.025323,           0.0069565,            0.001849,            0.001849,            0.001849
                 249,            0.043986,            0.042866,           0.0051786,              0.7458,              0.5412,             0.63395,             0.30526,            0.044971,            0.025007,            0.006221,            0.001816,            0.001816,            0.001816
                 250,            0.043407,            0.035391,           0.0045169,             0.68864,             0.62676,             0.64391,             0.30512,            0.044924,            0.024633,           0.0063248,            0.001783,            0.001783,            0.001783
                 251,            0.043626,            0.036085,           0.0051052,             0.77591,             0.53803,             0.64663,             0.31846,            0.045265,            0.025117,           0.0060684,             0.00175,             0.00175,             0.00175
                 252,            0.045246,            0.046735,           0.0052003,             0.80432,              0.5231,             0.64248,             0.29349,            0.046746,            0.025529,           0.0058197,            0.001717,            0.001717,            0.001717
                 253,            0.045091,            0.038437,           0.0046806,             0.74673,             0.54859,             0.63033,             0.28852,            0.045418,            0.025159,           0.0059052,            0.001684,            0.001684,            0.001684
                 254,            0.043244,            0.039761,           0.0044916,             0.58791,             0.65528,             0.63847,             0.29463,            0.045516,            0.024766,           0.0062134,            0.001651,            0.001651,            0.001651
                 255,            0.046022,            0.037481,           0.0050619,             0.64299,             0.55915,             0.60805,             0.28588,            0.046135,            0.024952,           0.0071503,            0.001618,            0.001618,            0.001618
                 256,            0.042242,            0.040459,           0.0046792,              0.7839,              0.5406,             0.63936,             0.28782,            0.046985,            0.025291,           0.0064636,            0.001585,            0.001585,            0.001585
                 257,            0.044019,            0.037611,           0.0048045,              0.7737,             0.52746,             0.63909,             0.30539,             0.04628,            0.025823,           0.0067398,            0.001552,            0.001552,            0.001552
                 258,            0.045923,            0.039278,           0.0058792,             0.69791,             0.57359,             0.60372,             0.27593,             0.04805,            0.026506,           0.0067032,            0.001519,            0.001519,            0.001519
                 259,            0.045246,            0.042598,           0.0041369,             0.63222,              0.5912,             0.59322,             0.26511,            0.046953,            0.025852,           0.0064011,            0.001486,            0.001486,            0.001486
                 260,            0.043327,            0.037608,            0.004273,             0.70458,             0.60711,              0.6569,             0.27874,            0.045826,            0.025001,           0.0063858,            0.001453,            0.001453,            0.001453
                 261,            0.044996,            0.044442,           0.0045713,             0.65549,             0.65176,             0.62996,             0.27969,            0.046261,            0.024891,            0.006308,             0.00142,             0.00142,             0.00142
                 262,            0.043933,            0.043711,           0.0040896,             0.65678,             0.62324,             0.62885,             0.28541,             0.04587,            0.024965,           0.0062637,            0.001387,            0.001387,            0.001387
                 263,            0.044473,            0.039492,            0.004713,             0.62954,             0.62561,             0.62813,             0.28519,            0.047394,            0.025687,           0.0067459,            0.001354,            0.001354,            0.001354
                 264,             0.04532,            0.036135,           0.0050957,             0.64104,             0.61655,             0.62498,             0.29075,            0.045594,            0.025355,           0.0072357,            0.001321,            0.001321,            0.001321
                 265,            0.044655,            0.038072,           0.0052605,             0.65504,             0.60563,             0.61023,             0.29487,            0.045182,            0.024872,           0.0071747,            0.001288,            0.001288,            0.001288
                 266,            0.043627,            0.041736,           0.0048393,              0.6821,             0.62248,             0.62609,              0.3003,            0.045074,             0.02483,           0.0066727,            0.001255,            0.001255,            0.001255
                 267,            0.043963,            0.039489,           0.0049829,             0.79468,             0.53655,             0.62608,             0.30334,            0.045218,            0.024936,           0.0068161,            0.001222,            0.001222,            0.001222
                 268,            0.044682,            0.043677,           0.0054456,             0.60394,             0.59709,             0.60973,             0.29364,            0.046601,            0.025072,           0.0065033,            0.001189,            0.001189,            0.001189
                 269,            0.044206,             0.04217,           0.0046823,             0.76758,             0.51327,             0.60269,             0.29463,            0.046238,            0.025049,           0.0066071,            0.001156,            0.001156,            0.001156
                 270,            0.043825,            0.037336,            0.004431,             0.67944,             0.62324,             0.63158,             0.29182,            0.045708,            0.024762,           0.0068176,            0.001123,            0.001123,            0.001123
                 271,             0.04378,            0.040707,           0.0048046,             0.70121,             0.60528,             0.63959,             0.28131,            0.046417,            0.025162,           0.0073151,             0.00109,             0.00109,             0.00109
                 272,            0.041897,            0.035256,            0.003379,             0.64377,              0.6088,             0.61725,             0.27525,            0.045585,            0.025136,           0.0074326,            0.001057,            0.001057,            0.001057
                 273,            0.044442,            0.039785,           0.0046728,             0.62953,             0.62018,             0.61608,             0.27227,            0.045837,            0.025604,           0.0074371,            0.001024,            0.001024,            0.001024
                 274,            0.043027,            0.039259,           0.0048684,             0.72091,             0.55581,             0.62677,             0.27905,            0.046075,            0.025736,           0.0070999,            0.000991,            0.000991,            0.000991
                 275,            0.042661,            0.040358,           0.0048777,             0.69617,             0.56625,             0.61304,             0.28225,            0.045898,            0.026065,           0.0070801,            0.000958,            0.000958,            0.000958
                 276,            0.043791,            0.041396,           0.0054056,             0.70825,             0.56268,             0.60686,             0.25487,            0.046586,            0.026065,           0.0070084,            0.000925,            0.000925,            0.000925
                 277,            0.044183,            0.039667,            0.004713,             0.81194,             0.54577,             0.63806,              0.2845,             0.04531,            0.025997,           0.0065567,            0.000892,            0.000892,            0.000892
                 278,            0.043332,            0.040368,           0.0044346,             0.79223,             0.54507,             0.66979,             0.30827,            0.045106,            0.025678,           0.0062332,            0.000859,            0.000859,            0.000859
                 279,            0.044147,            0.037039,           0.0042914,              0.8008,              0.5536,             0.65839,             0.30662,            0.045447,            0.024537,           0.0066635,            0.000826,            0.000826,            0.000826
                 280,            0.043606,            0.041816,           0.0041618,              0.7819,             0.56268,             0.65614,             0.30125,            0.045874,            0.024479,           0.0068787,            0.000793,            0.000793,            0.000793
                 281,             0.04464,            0.039498,           0.0046359,             0.76457,             0.51303,             0.65972,             0.31166,             0.04591,            0.024511,           0.0067123,             0.00076,             0.00076,             0.00076
                 282,            0.047052,            0.042477,             0.00562,             0.71423,             0.53779,              0.6412,              0.2961,            0.045155,            0.024485,           0.0070389,            0.000727,            0.000727,            0.000727
                 283,            0.044682,            0.042111,           0.0054268,             0.52325,             0.64789,             0.59535,             0.27898,            0.045199,            0.024704,           0.0075394,            0.000694,            0.000694,            0.000694
                 284,            0.044907,            0.040054,           0.0049893,              0.7894,              0.4756,             0.58793,             0.27689,             0.04504,            0.024695,           0.0076843,            0.000661,            0.000661,            0.000661
                 285,            0.043226,            0.043092,           0.0048224,             0.69192,             0.51361,             0.59545,             0.27147,            0.045719,            0.024969,           0.0078156,            0.000628,            0.000628,            0.000628
                 286,            0.043166,            0.037674,           0.0050074,             0.64403,             0.52102,              0.5656,             0.26886,             0.04558,            0.025149,           0.0075623,            0.000595,            0.000595,            0.000595
                 287,            0.044561,            0.042248,           0.0055818,             0.69691,              0.5162,             0.60766,             0.28262,            0.045794,            0.025352,           0.0074478,            0.000562,            0.000562,            0.000562
                 288,            0.044167,            0.036789,            0.004228,             0.64954,             0.55176,              0.6088,             0.28866,            0.045403,             0.02512,           0.0074249,            0.000529,            0.000529,            0.000529
                 289,            0.044097,            0.039086,            0.005483,             0.75975,             0.53768,             0.61863,             0.29496,            0.045274,            0.024949,           0.0072556,            0.000496,            0.000496,            0.000496
                 290,            0.044672,            0.040274,           0.0042789,             0.79104,             0.53415,             0.62657,             0.29498,            0.045624,            0.024827,            0.007164,            0.000463,            0.000463,            0.000463
                 291,            0.043714,            0.041528,           0.0044557,             0.78521,             0.53328,             0.62833,              0.2848,            0.046688,            0.024882,           0.0075241,             0.00043,             0.00043,             0.00043
                 292,            0.045401,            0.045418,           0.0050352,             0.77425,             0.53063,             0.62158,             0.27577,            0.046667,            0.024998,           0.0075958,            0.000397,            0.000397,            0.000397
                 293,            0.043855,            0.041682,           0.0046794,             0.56901,             0.63608,             0.61416,             0.28071,            0.046216,            0.025033,           0.0074463,            0.000364,            0.000364,            0.000364
                 294,            0.041726,            0.038964,            0.005052,              0.6556,             0.56915,             0.60688,              0.2881,            0.045207,            0.024969,            0.007338,            0.000331,            0.000331,            0.000331
                 295,            0.045058,            0.044154,           0.0049374,             0.64984,              0.5662,             0.60884,             0.28894,            0.044941,            0.024891,           0.0071136,            0.000298,            0.000298,            0.000298
                 296,            0.044269,            0.042955,           0.0041492,             0.64176,             0.56972,             0.60719,             0.29031,            0.045003,            0.024901,           0.0069702,            0.000265,            0.000265,            0.000265
                 297,            0.044551,            0.045384,           0.0041707,             0.59699,             0.63732,             0.62185,             0.29413,            0.045255,            0.024911,           0.0067383,            0.000232,            0.000232,            0.000232
                 298,            0.045286,            0.042283,           0.0046137,             0.58578,             0.63732,             0.62171,             0.29217,            0.045695,            0.025011,           0.0066559,            0.000199,            0.000199,            0.000199
                 299,            0.043287,            0.040897,           0.0045421,             0.63335,             0.57324,             0.62516,             0.28782,            0.046025,            0.025078,           0.0066681,            0.000166,            0.000166,            0.000166
